,Date,Time,Customer_ID,Item
0,2017-01-02,2021-07-05 01:47:28.279733,55853434,Palak Paneer
1,2017-01-08,2021-07-05 13:12:29.726141,29718647,Palak Aloo
2,2017-01-11,2021-07-05 14:06:23.304466,18142412,Roti
3,2017-01-17,2021-07-05 00:29:55.890029,34176848,Dal Tadka
4,2017-01-17,2021-07-05 06:12:39.712888,49263612,Shabnam Curry
5,2017-01-20,2021-07-05 18:37:06.617410,23293297,Garlic Naan
6,2017-01-26,2021-07-05 16:19:43.714906,83579792,Naan
7,2017-01-31,2021-07-05 18:55:28.511105,42199127,Chana Paneer
8,2017-02-08,2021-07-05 01:52:15.077308,91253126,Achari Paneer
9,2017-02-14,2021-07-05 18:50:59.631558,71294943,Aloo Gobi
10,2017-02-20,2021-07-05 01:59:51.189657,42199127,Paneer Makhani
11,2017-02-21,2021-07-05 20:44:53.580980,61864491,Paneer Butter Masala
12,2017-02-24,2021-07-05 16:36:48.726698,81772734,Dal Makhani
13,2017-03-02,2021-07-05 14:09:32.181892,48184485,Chana Masala
14,2017-03-08,2021-07-05 03:52:40.361896,93559837,Vegetable Green Masala
15,2017-03-12,2021-07-05 02:11:30.079955,28923942,Bhindi Masala
16,2017-03-21,2021-07-05 14:05:04.603225,83837415,Malai Kofta
17,2017-03-22,2021-07-05 16:42:27.853906,98947817,Paneer Shahi Korma
18,2017-03-27,2021-07-05 07:06:27.455559,74669859,Aloo Matar
19,2017-03-30,2021-07-05 20:03:16.006169,48546847,Matar Paneer
20,2017-03-31,2021-07-05 09:15:55.745806,56557312,Naan
21,2017-04-05,2021-07-05 10:27:05.311898,16471742,Aloo Gobi
22,2017-04-06,2021-07-05 19:48:29.768941,77538746,Bhindi Masala
23,2017-04-17,2021-07-05 06:59:05.266774,73822959,Vegetable Green Masala
24,2017-04-17,2021-07-05 23:40:40.169767,96834154,Roti
25,2017-04-26,2021-07-05 09:20:55.691053,29718647,Paratha
26,2017-04-28,2021-07-05 05:53:39.307537,55853434,Mixed Vegetable Curry
27,2017-05-11,2021-07-05 07:31:11.053769,84659147,Shabnam Curry
28,2017-05-12,2021-07-05 07:06:21.819283,92321612,Paneer Makhani
29,2017-05-14,2021-07-05 03:30:52.569125,94936579,Palak Aloo
30,2017-05-15,2021-07-05 11:58:17.498426,84854392,Chana Masala
31,2017-05-26,2021-07-05 02:24:31.310801,42199127,Aloo Matar
32,2017-05-29,2021-07-05 17:42:53.744381,93559837,Baigan Bharta
33,2017-06-11,2021-07-05 08:21:11.498677,48546847,Paneer Shahi Korma
34,2017-06-11,2021-07-05 12:31:43.002615,83579792,Chana Paneer
35,2017-06-14,2021-07-05 15:06:09.295010,92321612,Garlic Naan
36,2017-06-14,2021-07-05 20:07:50.410186,34176848,Matar Paneer
37,2017-06-15,2021-07-05 21:30:16.321276,98947817,Navratan Korma
38,2017-06-18,2021-07-05 19:56:29.599421,18142412,Paneer Butter Masala
39,2017-06-25,2021-07-05 01:30:22.970212,84659147,Malai Kofta
40,2017-06-25,2021-07-05 12:50:53.518093,73822959,Paneer Butter Masala
41,2017-06-27,2021-07-05 05:06:34.420149,98947817,Matar Paneer
42,2017-06-29,2021-07-05 13:45:39.743581,48884742,Roti
43,2017-06-29,2021-07-05 21:26:09.739404,77323444,Bhindi Masala
44,2017-07-02,2021-07-05 17:14:15.635880,26914398,Garlic Naan
45,2017-07-05,2021-07-05 19:40:26.443203,28923942,Mixed Vegetable Vindaloo
46,2017-07-06,2021-07-05 22:33:15.082832,56292534,Palak Aloo
47,2017-07-07,2021-07-05 10:38:20.334625,63649394,Achari Paneer
48,2017-07-13,2021-07-05 14:48:10.003318,81772734,Vegetable Green Masala
49,2017-07-28,2021-07-05 20:54:32.524293,63149162,Paneer Makhani
50,2017-07-29,2021-07-05 01:24:20.761329,56292534,Dal Makhani
51,2017-08-02,2021-07-05 18:57:08.231753,48884742,Dal Tadka
52,2017-08-06,2021-07-05 07:54:40.741473,94642178,Paratha
53,2017-08-12,2021-07-05 14:34:34.520233,18561956,Navratan Korma
54,2017-08-22,2021-07-05 06:08:32.706846,77323444,Palak Paneer
55,2017-08-24,2021-07-05 19:18:19.647092,54731981,Chana Masala
56,2017-09-03,2021-07-05 21:35:12.178258,73822959,Baigan Bharta
57,2017-09-03,2021-07-05 22:46:20.811506,63388488,Shabnam Curry
58,2017-09-07,2021-07-05 19:13:44.773913,16471742,Paneer Shahi Korma
59,2017-09-19,2021-07-05 02:32:02.885636,15151384,Malai Kofta
60,2017-09-19,2021-07-05 22:41:27.836738,65856655,Mixed Vegetable Curry
61,2017-09-20,2021-07-05 16:02:42.509947,84659147,Mixed Vegetable Vindaloo
62,2017-09-21,2021-07-05 21:09:41.909356,48184485,Palak Paneer
63,2017-09-25,2021-07-05 10:01:16.965792,54731981,Paneer Makhani
64,2017-09-29,2021-07-05 18:02:50.659604,74669859,Aloo Gobi
65,2017-09-30,2021-07-05 06:38:08.520234,63388488,Roti
66,2017-10-04,2021-07-05 23:28:46.062522,91253126,Achari Paneer
67,2017-10-06,2021-07-05 12:08:20.938702,42199127,Baigan Bharta
68,2017-10-10,2021-07-05 14:26:03.184091,29718647,Shabnam Curry
69,2017-10-13,2021-07-05 22:38:22.450244,93559837,Chana Paneer
70,2017-10-15,2021-07-05 02:09:59.741516,63149162,Naan
71,2017-10-16,2021-07-05 17:38:15.810875,74457365,Palak Aloo
72,2017-10-24,2021-07-05 00:03:40.123025,29718647,Vegetable Green Masala
73,2017-10-25,2021-07-05 08:08:39.053713,56557312,Paneer Butter Masala
74,2017-10-29,2021-07-05 12:16:29.597162,96375273,Dal Tadka
75,2017-11-04,2021-07-05 07:23:17.585799,61864491,Bhindi Masala
76,2017-11-04,2021-07-05 14:02:29.849295,94538685,Aloo Matar
77,2017-11-09,2021-07-05 21:03:18.705256,84659147,Navratan Korma
78,2017-11-10,2021-07-05 20:08:00.501014,28923942,Paratha
79,2017-11-11,2021-07-05 17:02:45.151160,74669859,Garlic Naan
80,2017-11-12,2021-07-05 20:58:19.450037,63149162,Dal Tadka
81,2017-11-13,2021-07-05 03:55:40.380390,55853434,Dal Makhani
82,2017-11-15,2021-07-05 08:09:04.130446,18561956,Palak Aloo
83,2017-11-16,2021-07-05 05:29:50.262656,96375273,Navratan Korma
84,2017-11-18,2021-07-05 17:10:13.499166,71294943,Baigan Bharta
85,2017-11-18,2021-07-05 23:49:14.055249,83837415,Malai Kofta
86,2017-11-29,2021-07-05 04:01:05.567919,84854392,Paneer Shahi Korma
87,2017-11-29,2021-07-05 21:46:56.100569,93559837,Paneer Butter Masala
88,2017-11-29,2021-07-05 22:51:15.309151,77538746,Matar Paneer
89,2017-12-08,2021-07-05 20:29:54.266478,13661949,Chana Masala
90,2017-12-09,2021-07-05 10:20:12.209367,94642178,Chana Paneer
91,2017-12-10,2021-07-05 15:16:15.843107,63649394,Garlic Naan
92,2017-12-16,2021-07-05 02:47:44.964828,96834154,Bhindi Masala
93,2017-12-19,2021-07-05 07:12:20.287660,56292534,Aloo Gobi
94,2017-12-27,2021-07-05 01:35:27.473440,34176848,Roti
95,2017-12-29,2021-07-05 03:55:24.851105,27617481,Achari Paneer
96,2018-01-01,2021-07-05 15:43:24.537454,96375273,Mixed Vegetable Vindaloo
97,2018-01-08,2021-07-05 02:28:33.346032,13661949,Aloo Matar
98,2018-01-10,2021-07-05 16:32:34.861008,18142412,Mixed Vegetable Curry
99,2018-01-15,2021-07-05 09:55:04.175839,45632746,Shabnam Curry
100,2018-01-22,2021-07-05 05:45:49.305961,26914398,Palak Paneer
101,2018-02-08,2021-07-05 13:12:26.318437,93559837,Vegetable Green Masala
102,2018-02-17,2021-07-05 11:20:02.849350,98947817,Palak Aloo
103,2018-03-04,2021-07-05 10:39:06.917276,74669859,Roti
104,2018-03-10,2021-07-05 17:49:46.840445,61864491,Shabnam Curry
105,2018-03-16,2021-07-05 19:43:51.570330,23293297,Navratan Korma
106,2018-03-24,2021-07-05 14:59:12.764456,99252755,Baigan Bharta
107,2018-03-25,2021-07-05 15:50:04.636146,92321612,Achari Paneer
108,2018-03-26,2021-07-05 08:01:53.013876,91253126,Paneer Shahi Korma
109,2018-03-28,2021-07-05 06:50:03.898193,83837415,Matar Paneer
110,2018-04-04,2021-07-05 16:19:17.905693,56557312,Chana Paneer
111,2018-04-07,2021-07-05 16:54:06.586617,28923942,Aloo Gobi
112,2018-04-14,2021-07-05 19:40:00.627840,92321612,Dal Makhani
113,2018-04-21,2021-07-05 06:06:08.117445,77538746,Naan
114,2018-04-25,2021-07-05 13:54:44.126677,45632746,Chana Masala
115,2018-04-27,2021-07-05 03:25:00.510646,65856655,Mixed Vegetable Curry
116,2018-05-01,2021-07-05 03:03:05.159690,84854392,Malai Kofta
117,2018-05-02,2021-07-05 11:03:56.904911,63649394,Garlic Naan
118,2018-05-08,2021-07-05 11:34:12.098231,96834154,Paneer Makhani
119,2018-05-10,2021-07-05 10:29:36.913350,55853434,Bhindi Masala
120,2018-05-14,2021-07-05 21:08:35.321084,94936579,Palak Paneer
121,2018-05-16,2021-07-05 03:16:35.052140,94642178,Chana Paneer
122,2018-05-16,2021-07-05 12:08:28.251279,56557312,Achari Paneer
123,2018-05-18,2021-07-05 11:05:57.898299,81772734,Dal Makhani
124,2018-05-18,2021-07-05 15:18:15.815555,28923942,Naan
125,2018-05-30,2021-07-05 00:49:08.526750,16471742,Garlic Naan
126,2018-05-31,2021-07-05 07:10:10.678135,73822959,Chana Masala
127,2018-06-03,2021-07-05 14:49:07.421612,56292534,Malai Kofta
128,2018-06-04,2021-07-05 14:03:07.689846,96834154,Dal Tadka
129,2018-06-05,2021-07-05 13:05:19.563851,54731981,Shabnam Curry
130,2018-06-07,2021-07-05 10:10:08.573371,91927192,Baigan Bharta
131,2018-06-11,2021-07-05 14:50:57.148141,77538746,Mixed Vegetable Vindaloo
132,2018-06-14,2021-07-05 10:53:35.100907,73822959,Paratha
133,2018-06-20,2021-07-05 05:54:12.813936,56557312,Matar Paneer
134,2018-06-27,2021-07-05 08:38:20.943359,63649394,Paneer Makhani
135,2018-07-04,2021-07-05 07:54:02.111209,83579792,Bhindi Masala
136,2018-07-07,2021-07-05 01:16:01.901809,65856655,Aloo Matar
137,2018-07-23,2021-07-05 21:37:47.678347,49263612,Vegetable Green Masala
138,2018-07-27,2021-07-05 20:43:29.499085,93559837,Paneer Butter Masala
139,2018-07-28,2021-07-05 16:20:13.999160,61864491,Paneer Shahi Korma
140,2018-07-28,2021-07-05 23:20:13.472879,56557312,Navratan Korma
141,2018-08-01,2021-07-05 04:53:21.514862,13661949,Roti
142,2018-08-02,2021-07-05 00:47:58.476052,48546847,Dal Makhani
143,2018-08-04,2021-07-05 19:26:42.198643,94936579,Garlic Naan
144,2018-08-10,2021-07-05 16:51:48.432273,82591385,Baigan Bharta
145,2018-08-12,2021-07-05 19:53:03.742253,65742453,Shabnam Curry
146,2018-08-18,2021-07-05 22:45:57.103811,83579792,Paneer Shahi Korma
147,2018-08-19,2021-07-05 23:08:56.233515,18561956,Malai Kofta
148,2018-08-20,2021-07-05 23:54:58.668826,94642178,Mixed Vegetable Curry
149,2018-08-24,2021-07-05 01:36:49.610862,77323444,Paneer Makhani
150,2018-09-02,2021-07-05 00:01:54.291667,29718647,Mixed Vegetable Vindaloo
151,2018-09-03,2021-07-05 21:13:13.335183,74669859,Vegetable Green Masala
152,2018-09-07,2021-07-05 00:17:27.812722,77538746,Chana Masala
153,2018-09-14,2021-07-05 11:36:19.353888,73822959,Dal Tadka
154,2018-09-17,2021-07-05 17:52:02.466058,98947817,Palak Aloo
155,2018-09-18,2021-07-05 21:50:56.103022,82591385,Bhindi Masala
156,2018-09-24,2021-07-05 11:42:54.183127,83837415,Palak Paneer
157,2018-09-30,2021-07-05 06:48:09.149618,94936579,Paneer Butter Masala
158,2018-10-04,2021-07-05 02:20:40.002509,92321612,Achari Paneer
159,2018-10-05,2021-07-05 11:55:58.012664,96834154,Aloo Matar
160,2018-10-09,2021-07-05 10:32:50.937829,45632746,Chana Masala
161,2018-10-10,2021-07-05 04:25:45.410510,23293297,Matar Paneer
162,2018-10-11,2021-07-05 22:39:10.984232,55853434,Paneer Makhani
163,2018-10-12,2021-07-05 15:47:12.548810,94538685,Mixed Vegetable Vindaloo
164,2018-10-14,2021-07-05 19:58:45.371056,48884742,Dal Tadka
165,2018-10-16,2021-07-05 10:39:19.902724,74457365,Roti
166,2018-10-21,2021-07-05 07:21:40.502962,84854392,Achari Paneer
167,2018-10-22,2021-07-05 00:48:38.231435,74669859,Aloo Matar
168,2018-11-04,2021-07-05 13:25:23.030266,93559837,Paneer Butter Masala
169,2018-11-13,2021-07-05 08:47:03.350427,42199127,Baigan Bharta
170,2018-11-13,2021-07-05 17:04:28.226893,13661949,Navratan Korma
171,2018-11-16,2021-07-05 21:47:21.531706,83837415,Palak Aloo
172,2018-11-18,2021-07-05 04:35:38.959368,18142412,Naan
173,2018-11-18,2021-07-05 14:47:23.770451,63388488,Garlic Naan
174,2018-11-19,2021-07-05 03:48:51.128320,26914398,Malai Kofta
175,2018-11-21,2021-07-05 08:17:22.351863,56292534,Paratha
176,2018-11-25,2021-07-05 01:27:40.358568,65742453,Aloo Gobi
177,2018-11-26,2021-07-05 04:40:07.093122,56557312,Mixed Vegetable Curry
178,2018-12-02,2021-07-05 04:27:41.302764,94642178,Paneer Shahi Korma
179,2018-12-03,2021-07-05 11:33:16.904696,65856655,Dal Makhani
180,2018-12-06,2021-07-05 16:13:41.437017,96375273,Achari Paneer
181,2018-12-06,2021-07-05 16:27:59.250021,77323444,Mixed Vegetable Curry
182,2018-12-09,2021-07-05 06:10:11.568534,18142412,Paneer Shahi Korma
183,2018-12-09,2021-07-05 14:49:18.234930,34176848,Paneer Makhani
184,2018-12-24,2021-07-05 01:43:56.154149,84854392,Aloo Gobi
185,2018-12-30,2021-07-05 07:25:07.319619,74669859,Shabnam Curry
186,2018-12-30,2021-07-05 19:04:25.663998,73822959,Bhindi Masala
187,2019-01-05,2021-07-05 14:12:05.506553,28923942,Palak Aloo
188,2019-01-06,2021-07-05 00:04:47.255029,74457365,Malai Kofta
189,2019-01-06,2021-07-05 02:50:25.685009,61864491,Vegetable Green Masala
190,2019-01-10,2021-07-05 15:39:34.806001,77538746,Roti
191,2019-01-19,2021-07-05 00:52:26.567776,83837415,Paneer Butter Masala
192,2019-01-20,2021-07-05 16:45:38.973668,42199127,Dal Makhani
193,2019-01-21,2021-07-05 01:17:22.322584,99252755,Chana Masala
194,2019-01-21,2021-07-05 06:26:34.058861,96834154,Palak Paneer
195,2019-01-22,2021-07-05 02:03:37.029193,81772734,Aloo Matar
196,2019-01-23,2021-07-05 05:54:53.399738,94936579,Paratha
197,2019-01-25,2021-07-05 03:14:16.376147,65856655,Chana Paneer
198,2019-01-26,2021-07-05 02:13:43.952713,54731981,Mixed Vegetable Vindaloo
199,2019-01-31,2021-07-05 22:29:27.735341,18142412,Baigan Bharta
200,2019-02-01,2021-07-05 15:40:55.237521,56557312,Matar Paneer
201,2019-02-03,2021-07-05 11:13:21.814023,34176848,Palak Aloo
202,2019-02-06,2021-07-05 08:10:29.305209,18561956,Palak Paneer
203,2019-02-09,2021-07-05 01:50:47.844397,74457365,Chana Paneer
204,2019-02-14,2021-07-05 10:22:13.183277,77538746,Dal Tadka
205,2019-02-16,2021-07-05 17:40:44.943851,49263612,Paratha
206,2019-02-28,2021-07-05 23:43:17.322435,73822959,Baigan Bharta
207,2019-03-03,2021-07-05 08:56:57.333542,74669859,Achari Paneer
208,2019-03-05,2021-07-05 13:14:43.468984,98947817,Shabnam Curry
209,2019-03-05,2021-07-05 16:49:09.959356,83579792,Aloo Gobi
210,2019-03-06,2021-07-05 04:49:26.801990,65742453,Garlic Naan
211,2019-03-08,2021-07-05 22:13:14.151646,83837415,Bhindi Masala
212,2019-03-08,2021-07-05 23:56:12.289859,29718647,Malai Kofta
213,2019-03-10,2021-07-05 06:11:29.185492,77323444,Roti
214,2019-03-16,2021-07-05 03:06:05.195281,13661949,Mixed Vegetable Vindaloo
215,2019-03-17,2021-07-05 14:21:28.491336,98947817,Chana Masala
216,2019-03-20,2021-07-05 18:29:10.131227,49263612,Vegetable Green Masala
217,2019-03-22,2021-07-05 05:27:17.330157,56292534,Mixed Vegetable Curry
218,2019-03-24,2021-07-05 23:15:42.953606,91253126,Navratan Korma
219,2019-03-27,2021-07-05 06:01:50.619233,34176848,Paneer Butter Masala
220,2019-03-27,2021-07-05 06:52:08.465575,82591385,Baigan Bharta
221,2019-03-28,2021-07-05 07:06:14.225997,42199127,Paratha
222,2019-03-30,2021-07-05 04:27:01.149412,74457365,Vegetable Green Masala
223,2019-04-02,2021-07-05 05:51:06.400734,77323444,Palak Aloo
224,2019-04-02,2021-07-05 23:30:16.636118,65742453,Achari Paneer
225,2019-04-05,2021-07-05 22:05:15.525188,91253126,Roti
226,2019-04-10,2021-07-05 05:19:55.815084,74669859,Aloo Gobi
227,2019-04-15,2021-07-05 10:25:51.211713,56557312,Bhindi Masala
228,2019-04-20,2021-07-05 20:59:43.107476,63649394,Chana Paneer
229,2019-04-21,2021-07-05 21:24:49.450300,94538685,Paneer Butter Masala
230,2019-05-06,2021-07-05 19:25:15.909535,48884742,Palak Paneer
231,2019-05-14,2021-07-05 07:53:28.033610,48184485,Malai Kofta
232,2019-05-21,2021-07-05 01:27:58.429692,73822959,Naan
233,2019-05-21,2021-07-05 13:02:50.562771,23293297,Garlic Naan
234,2019-05-22,2021-07-05 22:53:51.181464,28923942,Mixed Vegetable Curry
235,2019-05-23,2021-07-05 20:15:48.972408,77538746,Dal Tadka
236,2019-05-25,2021-07-05 13:27:47.494682,18142412,Navratan Korma
237,2019-05-26,2021-07-05 20:19:56.012214,65856655,Aloo Matar
238,2019-05-27,2021-07-05 00:40:15.300802,96834154,Mixed Vegetable Vindaloo
239,2019-05-27,2021-07-05 02:50:01.372011,94936579,Chana Masala
240,2019-05-29,2021-07-05 11:46:11.930093,48546847,Mixed Vegetable Vindaloo
241,2019-05-30,2021-07-05 01:17:52.497758,27617481,Shabnam Curry
242,2019-05-30,2021-07-05 04:21:39.315750,98947817,Garlic Naan
243,2019-05-30,2021-07-05 07:24:39.090304,56557312,Navratan Korma
244,2019-06-02,2021-07-05 10:13:41.350985,42199127,Roti
245,2019-06-03,2021-07-05 03:51:20.719981,13661949,Dal Tadka
246,2019-06-10,2021-07-05 11:07:48.047449,55853434,Bhindi Masala
247,2019-06-11,2021-07-05 13:44:04.618631,93559837,Naan
248,2019-06-13,2021-07-05 11:46:18.601329,48184485,Mixed Vegetable Curry
249,2019-06-23,2021-07-05 04:19:15.921593,71294943,Malai Kofta
250,2019-06-23,2021-07-05 09:56:27.252364,49263612,Matar Paneer
251,2019-06-29,2021-07-05 12:32:19.475865,74669859,Paneer Butter Masala
252,2019-07-02,2021-07-05 11:14:03.602507,96375273,Palak Aloo
253,2019-07-06,2021-07-05 12:34:55.869375,18142412,Paratha
254,2019-07-08,2021-07-05 07:21:45.047277,56557312,Vegetable Green Masala
255,2019-07-14,2021-07-05 22:15:47.090280,94936579,Dal Makhani
256,2019-07-20,2021-07-05 16:41:10.025102,93559837,Palak Paneer
257,2019-07-22,2021-07-05 10:42:07.862989,48184485,Chana Paneer
258,2019-07-23,2021-07-05 22:34:36.535465,92321612,Paneer Shahi Korma
259,2019-07-25,2021-07-05 04:39:10.333450,56292534,Achari Paneer
260,2019-08-10,2021-07-05 18:50:11.857778,65742453,Paneer Shahi Korma
261,2019-08-11,2021-07-05 09:10:17.000383,93559837,Bhindi Masala
262,2019-08-12,2021-07-05 10:15:08.673017,74457365,Dal Makhani
263,2019-08-16,2021-07-05 12:19:15.991779,98947817,Palak Aloo
264,2019-08-19,2021-07-05 05:17:44.710649,92321612,Dal Tadka
265,2019-08-19,2021-07-05 10:07:05.178929,28923942,Palak Paneer
266,2019-08-22,2021-07-05 02:28:36.379499,65856655,Aloo Matar
267,2019-08-22,2021-07-05 08:58:16.167313,91253126,Shabnam Curry
268,2019-08-24,2021-07-05 06:42:30.431032,48546847,Navratan Korma
269,2019-08-26,2021-07-05 09:22:24.976874,16471742,Roti
270,2019-08-27,2021-07-05 07:22:05.880189,26914398,Chana Masala
271,2019-08-28,2021-07-05 03:27:17.506808,63149162,Matar Paneer
272,2019-08-31,2021-07-05 03:41:33.158633,63649394,Paratha
273,2019-09-01,2021-07-05 00:08:25.363995,94936579,Garlic Naan
274,2019-09-01,2021-07-05 08:02:40.962936,18142412,Paneer Makhani
275,2019-09-02,2021-07-05 01:33:43.773522,56557312,Achari Paneer
276,2019-09-04,2021-07-05 02:44:45.244104,15151384,Chana Paneer
277,2019-09-10,2021-07-05 21:13:33.344715,29718647,Aloo Gobi
278,2019-09-12,2021-07-05 15:38:50.772961,18561956,Baigan Bharta
279,2019-09-16,2021-07-05 08:31:49.499449,77538746,Mixed Vegetable Vindaloo
280,2019-09-19,2021-07-05 00:50:31.668419,71294943,Paneer Shahi Korma
281,2019-09-21,2021-07-05 21:40:24.795762,65742453,Naan
282,2019-10-06,2021-07-05 11:09:16.476921,74457365,Matar Paneer
283,2019-10-07,2021-07-05 02:02:32.214419,34176848,Shabnam Curry
284,2019-10-10,2021-07-05 07:39:25.031030,61864491,Aloo Matar
285,2019-10-14,2021-07-05 17:42:11.355704,15151384,Mixed Vegetable Curry
286,2019-10-19,2021-07-05 23:12:53.535818,18561956,Roti
287,2019-10-28,2021-07-05 10:54:45.167049,28923942,Baigan Bharta
288,2019-11-01,2021-07-05 22:49:02.401264,74669859,Mixed Vegetable Vindaloo
289,2019-11-13,2021-07-05 03:54:18.097479,54731981,Chana Paneer
290,2019-11-17,2021-07-05 03:25:32.554605,55853434,Dal Tadka
291,2019-11-18,2021-07-05 07:34:39.607057,83837415,Palak Paneer
292,2019-11-18,2021-07-05 20:40:53.647601,56557312,Navratan Korma
293,2019-11-20,2021-07-05 06:37:31.803409,65742453,Malai Kofta
294,2019-11-21,2021-07-05 09:12:09.413195,42199127,Achari Paneer
295,2019-11-27,2021-07-05 18:35:58.655771,48546847,Bhindi Masala
296,2019-11-29,2021-07-05 01:31:13.357024,65856655,Paneer Makhani
297,2019-12-05,2021-07-05 22:28:38.728607,83579792,Paratha
298,2019-12-06,2021-07-05 17:09:33.764303,27617481,Palak Aloo
299,2019-12-15,2021-07-05 17:46:00.430615,84659147,Paneer Butter Masala
300,2019-12-19,2021-07-05 02:38:29.120898,16471742,Matar Paneer
301,2019-12-23,2021-07-05 16:56:52.925381,65856655,Paneer Shahi Korma
302,2019-12-24,2021-07-05 11:04:02.852288,74457365,Naan
303,2019-12-25,2021-07-05 03:17:21.376042,56292534,Bhindi Masala
304,2020-01-10,2021-07-05 08:59:33.245156,98947817,Dal Makhani
305,2020-01-11,2021-07-05 02:35:51.982684,65742453,Paratha
306,2020-01-16,2021-07-05 22:25:28.898750,84854392,Baigan Bharta
307,2020-01-17,2021-07-05 15:42:02.846476,91253126,Roti
308,2020-01-18,2021-07-05 11:53:16.066016,92321612,Mixed Vegetable Vindaloo
309,2020-01-20,2021-07-05 09:37:28.456362,55853434,Chana Paneer
310,2020-01-24,2021-07-05 23:02:33.842748,15151384,Vegetable Green Masala
311,2020-01-31,2021-07-05 03:57:17.322279,56557312,Palak Paneer
312,2020-02-01,2021-07-05 07:08:44.300642,99252755,Paneer Butter Masala
313,2020-02-05,2021-07-05 05:33:16.794268,94936579,Navratan Korma
314,2020-02-13,2021-07-05 09:39:46.506457,18142412,Palak Aloo
315,2020-02-18,2021-07-05 08:37:45.312083,18561956,Paneer Makhani
316,2020-02-22,2021-07-05 14:35:41.519252,94538685,Mixed Vegetable Curry
317,2020-02-29,2021-07-05 02:47:53.437971,61864491,Aloo Matar
318,2020-03-01,2021-07-05 23:31:37.857598,93559837,Shabnam Curry
319,2020-03-05,2021-07-05 08:52:18.965849,73822959,Garlic Naan
320,2020-03-05,2021-07-05 14:59:36.371087,63649394,Shabnam Curry
321,2020-03-06,2021-07-05 13:46:36.680461,28923942,Roti
322,2020-03-16,2021-07-05 11:07:38.868163,26914398,Achari Paneer
323,2020-03-22,2021-07-05 13:00:54.981962,15151384,Garlic Naan
324,2020-03-23,2021-07-05 02:20:37.911996,84659147,Bhindi Masala
325,2020-03-25,2021-07-05 01:46:54.522144,77538746,Vegetable Green Masala
326,2020-03-25,2021-07-05 07:36:53.047812,16471742,Dal Tadka
327,2020-03-29,2021-07-05 08:27:07.040880,48184485,Paneer Makhani
328,2020-03-29,2021-07-05 20:31:52.872108,92321612,Palak Paneer
329,2020-03-29,2021-07-05 23:19:47.593900,23293297,Aloo Matar
330,2020-04-17,2021-07-05 11:22:55.606989,77538746,Naan
331,2020-04-22,2021-07-05 11:57:34.334812,56557312,Chana Paneer
332,2020-04-23,2021-07-05 06:15:04.357668,84659147,Paneer Shahi Korma
333,2020-04-29,2021-07-05 12:59:37.668627,83579792,Mixed Vegetable Vindaloo
334,2020-05-04,2021-07-05 21:46:36.067294,99252755,Aloo Gobi
335,2020-05-09,2021-07-05 01:36:38.942129,91927192,Navratan Korma
336,2020-05-09,2021-07-05 17:48:07.587356,55853434,Palak Aloo
337,2020-05-12,2021-07-05 03:05:56.981711,65742453,Baigan Bharta
338,2020-05-13,2021-07-05 07:21:21.063798,71294943,Dal Makhani
339,2020-05-18,2021-07-05 00:53:45.700160,92321612,Mixed Vegetable Curry
340,2020-05-18,2021-07-05 10:18:53.743677,84659147,Chana Paneer
341,2020-05-23,2021-07-05 12:08:19.638264,49263612,Shabnam Curry
342,2020-05-24,2021-07-05 12:01:05.266481,96834154,Achari Paneer
343,2020-05-31,2021-07-05 05:28:21.954841,63388488,Palak Paneer
344,2020-06-04,2021-07-05 03:48:33.440728,45632746,Mixed Vegetable Vindaloo
345,2020-06-23,2021-07-05 06:45:13.340659,54731981,Paneer Butter Masala
346,2020-06-26,2021-07-05 12:36:59.436104,98947817,Aloo Matar
347,2020-06-30,2021-07-05 21:44:19.750013,13661949,Matar Paneer
348,2020-07-05,2021-07-05 16:39:16.158057,77323444,Mixed Vegetable Curry
349,2020-07-08,2021-07-05 17:51:44.118576,73822959,Vegetable Green Masala
350,2020-07-13,2021-07-05 21:43:55.082717,23293297,Bhindi Masala
351,2020-07-14,2021-07-05 05:45:10.144423,74669859,Baigan Bharta
352,2020-07-15,2021-07-05 01:41:59.998628,84659147,Dal Makhani
353,2020-07-25,2021-07-05 03:24:02.338373,96375273,Malai Kofta
354,2020-08-03,2021-07-05 10:25:55.340056,98947817,Paneer Makhani
355,2020-08-10,2021-07-05 09:56:32.590594,94538685,Dal Tadka
356,2020-08-19,2021-07-05 07:30:55.398846,45632746,Navratan Korma
357,2020-08-22,2021-07-05 06:49:07.090896,93559837,Palak Aloo
358,2020-08-22,2021-07-05 19:02:58.053389,48184485,Roti
359,2020-08-26,2021-07-05 21:27:23.668934,49263612,Naan
360,2020-08-29,2021-07-05 12:57:46.123214,74457365,Aloo Matar
361,2020-09-02,2021-07-05 01:13:05.898726,45632746,Palak Aloo
362,2020-09-07,2021-07-05 15:00:43.586478,16471742,Naan
363,2020-09-11,2021-07-05 13:12:12.025907,77323444,Matar Paneer
364,2020-09-12,2021-07-05 13:43:16.723681,63649394,Vegetable Green Masala
365,2020-09-20,2021-07-05 12:40:50.801772,93559837,Malai Kofta
366,2020-09-23,2021-07-05 02:53:07.105118,96375273,Baigan Bharta
367,2020-10-01,2021-07-05 16:56:40.871582,82591385,Paneer Butter Masala
368,2020-10-01,2021-07-05 18:20:47.164043,48184485,Chana Masala
369,2020-10-07,2021-07-05 19:08:43.114105,94642178,Paratha
370,2020-10-10,2021-07-05 16:19:32.167269,65742453,Palak Paneer
371,2020-10-13,2021-07-05 20:37:26.285300,54731981,Mixed Vegetable Curry
372,2020-10-16,2021-07-05 13:37:16.654973,61864491,Navratan Korma
373,2020-10-18,2021-07-05 00:18:55.397965,91927192,Achari Paneer
374,2020-10-18,2021-07-05 09:23:38.600641,63388488,Dal Tadka
375,2020-10-19,2021-07-05 07:19:27.264186,18142412,Bhindi Masala
376,2020-10-22,2021-07-05 12:22:22.279668,96834154,Chana Paneer
377,2020-10-28,2021-07-05 02:14:14.966450,96375273,Paneer Makhani
378,2020-10-29,2021-07-05 21:48:34.616642,74457365,Dal Makhani
379,2020-10-31,2021-07-05 08:53:44.166080,74669859,Shabnam Curry
380,2020-11-09,2021-07-05 01:38:45.977381,74669859,Dal Tadka
381,2020-11-10,2021-07-05 14:42:21.350745,61864491,Dal Makhani
382,2020-11-11,2021-07-05 17:08:59.367274,48184485,Paneer Butter Masala
383,2020-11-28,2021-07-05 11:40:36.758651,83837415,Palak Aloo
384,2020-11-30,2021-07-05 01:45:32.844776,42199127,Baigan Bharta
385,2020-12-04,2021-07-05 13:34:03.975568,84659147,Paneer Makhani
386,2020-12-07,2021-07-05 12:51:56.164812,96375273,Chana Paneer
387,2020-12-09,2021-07-05 14:43:23.673658,99252755,Chana Masala
388,2020-12-12,2021-07-05 10:38:42.612448,29718647,Mixed Vegetable Curry
389,2020-12-18,2021-07-05 22:13:40.643895,16471742,Mixed Vegetable Vindaloo
390,2020-12-21,2021-07-05 06:30:55.742000,13661949,Navratan Korma
391,2020-12-28,2021-07-05 04:43:46.854400,48884742,Shabnam Curry
392,2020-12-28,2021-07-05 11:23:28.454736,34176848,Achari Paneer
393,2021-01-08,2021-07-05 17:32:08.796118,29718647,Garlic Naan
394,2021-01-08,2021-07-05 20:21:20.668863,48546847,Malai Kofta
395,2021-01-10,2021-07-05 18:38:30.529673,54731981,Naan
396,2021-01-16,2021-07-05 17:46:02.310126,83579792,Paratha
397,2021-01-29,2021-07-05 14:38:49.100372,18561956,Bhindi Masala
398,2021-01-31,2021-07-05 06:59:59.295197,61864491,Aloo Matar
399,2021-02-02,2021-07-05 16:48:14.840362,77538746,Paneer Shahi Korma
400,2021-02-02,2021-07-05 23:34:57.539766,99252755,Chana Masala
401,2021-02-09,2021-07-05 04:07:06.143238,18142412,Paneer Butter Masala
402,2021-02-14,2021-07-05 22:51:27.357256,73822959,Roti
403,2021-02-16,2021-07-05 20:34:06.967460,23293297,Paneer Shahi Korma
404,2021-03-02,2021-07-05 00:52:01.526448,18561956,Matar Paneer
405,2021-03-09,2021-07-05 09:10:54.647559,56557312,Mixed Vegetable Curry
406,2021-03-13,2021-07-05 00:59:58.076092,49263612,Achari Paneer
407,2021-03-14,2021-07-05 10:46:21.652047,81772734,Palak Aloo
408,2021-03-18,2021-07-05 04:59:50.372773,63388488,Bhindi Masala
409,2021-03-19,2021-07-05 19:43:44.339088,45632746,Chana Paneer
410,2021-03-22,2021-07-05 09:39:48.745354,74669859,Navratan Korma
411,2021-03-22,2021-07-05 13:25:05.926625,27617481,Paneer Makhani
412,2021-03-24,2021-07-05 07:43:52.870294,96375273,Baigan Bharta
413,2021-03-26,2021-07-05 05:54:59.746566,54731981,Palak Paneer
414,2021-03-27,2021-07-05 21:49:06.582555,83837415,Vegetable Green Masala
415,2021-03-30,2021-07-05 11:16:27.248242,61864491,Shabnam Curry
416,2021-03-31,2021-07-05 21:51:47.182235,34176848,Dal Makhani
417,2021-04-06,2021-07-05 12:09:26.364552,77323444,Garlic Naan
418,2021-04-11,2021-07-05 23:16:14.128866,65742453,Dal Tadka
419,2021-04-18,2021-07-05 18:08:22.796551,74457365,Aloo Matar
420,2021-04-28,2021-07-05 19:06:14.475147,54731981,Palak Paneer
421,2021-04-30,2021-07-05 09:31:20.435170,81772734,Chana Paneer
422,2021-05-01,2021-07-05 16:01:02.979256,45632746,Chana Masala
423,2021-05-02,2021-07-05 15:23:54.152925,61864491,Shabnam Curry
424,2021-05-06,2021-07-05 04:26:09.372344,18561956,Naan
425,2021-05-07,2021-07-05 01:32:03.149455,18142412,Dal Tadka
426,2021-05-10,2021-07-05 12:20:18.319626,83579792,Vegetable Green Masala
427,2021-05-11,2021-07-05 11:26:42.657469,29718647,Paneer Shahi Korma
428,2021-05-12,2021-07-05 06:00:09.821242,91927192,Aloo Matar
429,2021-05-25,2021-07-05 09:34:52.113185,74457365,Roti
430,2021-05-29,2021-07-05 00:38:25.859805,94936579,Aloo Gobi
431,2021-05-30,2021-07-05 12:24:27.852215,98947817,Mixed Vegetable Curry
432,2021-06-03,2021-07-05 02:50:37.790634,81772734,Achari Paneer
433,2021-06-13,2021-07-05 11:52:21.755813,63388488,Matar Paneer
434,2021-06-21,2021-07-05 02:37:03.042817,56557312,Mixed Vegetable Vindaloo
435,2021-06-21,2021-07-05 04:29:07.602529,71294943,Paratha
436,2021-06-24,2021-07-05 15:42:28.825953,18142412,Bhindi Masala
437,2021-06-27,2021-07-05 16:16:28.366341,29718647,Palak Aloo
438,2021-06-28,2021-07-05 20:16:42.219199,27617481,Paneer Butter Masala
439,2021-06-30,2021-07-05 02:37:22.722290,82591385,Malai Kofta
440,2021-07-03,2021-07-05 00:27:41.925051,61864491,Navratan Korma
441,2021-07-03,2021-07-05 12:35:37.334318,48884742,Roti
442,2021-07-11,2021-07-05 00:26:26.772890,56557312,Dal Tadka
443,2021-07-12,2021-07-05 10:51:25.513975,55853434,Bhindi Masala
444,2021-07-13,2021-07-05 03:45:53.384361,13661949,Aloo Matar
445,2021-07-13,2021-07-05 09:21:36.974050,77538746,Palak Aloo
446,2021-07-20,2021-07-05 05:21:27.656416,96834154,Chana Paneer
447,2021-07-20,2021-07-05 11:46:42.099059,63388488,Naan
448,2021-07-21,2021-07-05 13:04:59.196657,65856655,Dal Makhani
449,2021-07-23,2021-07-05 07:53:17.506299,29718647,Matar Paneer
450,2021-07-29,2021-07-05 04:09:46.401499,18142412,Paratha
451,2021-07-29,2021-07-05 08:22:47.562917,93559837,Mixed Vegetable Vindaloo
452,2021-07-30,2021-07-05 23:58:57.694146,96375273,Palak Paneer
453,2021-07-31,2021-07-05 00:56:42.209315,48546847,Shabnam Curry
454,2021-08-04,2021-07-05 06:16:40.520787,99252755,Paneer Shahi Korma
455,2021-08-16,2021-07-05 03:31:42.979384,94642178,Baigan Bharta
456,2021-08-20,2021-07-05 02:37:15.821528,18561956,Achari Paneer
457,2021-08-21,2021-07-05 03:56:57.176086,77323444,Paneer Butter Masala
458,2021-08-23,2021-07-05 05:22:15.736050,73822959,Mixed Vegetable Curry
459,2021-08-23,2021-07-05 16:00:28.450719,55853434,Malai Kofta
460,2021-08-27,2021-07-05 06:29:09.985199,71294943,Paneer Shahi Korma
461,2021-08-30,2021-07-05 08:23:53.713586,96375273,Baigan Bharta
462,2021-09-07,2021-07-05 02:19:20.129334,48184485,Palak Aloo
463,2021-09-08,2021-07-05 11:11:29.758783,83579792,Aloo Gobi
464,2021-09-12,2021-07-05 16:47:29.836340,96834154,Navratan Korma
465,2021-09-17,2021-07-05 04:44:38.053412,54731981,Mixed Vegetable Curry
466,2021-09-21,2021-07-05 06:30:18.155521,84854392,Dal Tadka
467,2021-09-26,2021-07-05 03:46:16.884672,48884742,Palak Paneer
468,2021-09-26,2021-07-05 07:57:53.846413,18561956,Aloo Matar
469,2021-09-26,2021-07-05 11:12:51.492290,61864491,Shabnam Curry
470,2021-10-02,2021-07-05 02:30:04.451096,29718647,Malai Kofta
471,2021-10-05,2021-07-05 20:38:37.911303,48546847,Paneer Makhani
472,2021-10-08,2021-07-05 00:27:19.516848,42199127,Matar Paneer
473,2021-10-09,2021-07-05 11:27:10.860472,99252755,Chana Paneer
474,2021-10-12,2021-07-05 16:20:17.419483,96375273,Paratha
475,2021-10-13,2021-07-05 14:09:30.925911,82591385,Garlic Naan
476,2021-10-22,2021-07-05 22:20:27.887397,94642178,Mixed Vegetable Vindaloo
477,2021-10-29,2021-07-05 11:32:00.960757,28923942,Dal Makhani
478,2021-10-30,2021-07-05 20:57:56.729630,98947817,Achari Paneer
479,2021-11-03,2021-07-05 05:27:03.027379,56292534,Vegetable Green Masala
480,2021-11-07,2021-07-05 22:22:31.486137,93559837,Palak Paneer
481,2021-11-10,2021-07-05 16:20:36.207086,61864491,Paneer Butter Masala
482,2021-11-11,2021-07-05 04:56:59.428258,56557312,Garlic Naan
483,2021-11-11,2021-07-05 18:18:20.755950,18561956,Navratan Korma
484,2021-11-11,2021-07-05 20:00:15.560796,63649394,Malai Kofta
485,2021-11-13,2021-07-05 01:54:40.972576,15151384,Bhindi Masala
486,2021-11-16,2021-07-05 11:41:59.027243,63388488,Shabnam Curry
487,2021-11-21,2021-07-05 17:04:09.329710,45632746,Aloo Gobi
488,2021-11-21,2021-07-05 23:07:09.413404,81772734,Achari Paneer
489,2021-11-26,2021-07-05 12:58:59.086721,94538685,Mixed Vegetable Curry
490,2021-11-26,2021-07-05 19:01:27.050660,65742453,Dal Makhani
491,2021-12-02,2021-07-05 16:05:14.573713,26914398,Roti
492,2021-12-05,2021-07-05 07:38:57.938465,91927192,Dal Tadka
493,2021-12-07,2021-07-05 14:25:02.188480,18142412,Chana Masala
494,2021-12-11,2021-07-05 15:32:05.896514,49263612,Paneer Shahi Korma
495,2021-12-11,2021-07-05 22:31:18.389283,28923942,Mixed Vegetable Vindaloo
496,2021-12-13,2021-07-05 06:49:01.527497,56292534,Matar Paneer
497,2021-12-14,2021-07-05 07:09:00.997152,27617481,Aloo Matar
498,2021-12-21,2021-07-05 07:34:04.528407,84854392,Naan
499,2021-12-22,2021-07-05 23:15:34.972629,73822959,Paratha
